{
  "federateTypesAllowed": [
    "ATC",
    "AircraftCoordinator",
    "AirlineGateMan1",
    "AirlineGateMan2",
    "PassengerManag1",
    "PassengerManag2",
    "PeopleFlow"
  ],
  "expectedFederates": [
    {
      "federateType": "ATC",
      "count": 1
    },
    {
      "federateType": "AircraftCoordinator",
      "count": 1
    },
    {
      "federateType": "AirlineGateMan1",
      "count": 1
    },
    {
      "federateType": "AirlineGateMan2",
      "count": 1
    },
    {
      "federateType": "PassengerManag1",
      "count": 1
    },
    {
      "federateType": "PassengerManag2",
      "count": 1
    },
    {
      "federateType": "PeopleFlow",
      "count": 1
    }
  ],
  "lateJoinerFederates": [
    {
      "federateType": "ATC",
      "count": 0
    },
    {
      "federateType": "AircraftCoordinator",
      "count": 0
    },
    {
      "federateType": "AirlineGateMan1",
      "count": 0
    },
    {
      "federateType": "AirlineGateMan2",
      "count": 0
    },
    {
      "federateType": "PassengerManag1",
      "count": 0
    },
    {
      "federateType": "PassengerManag2",
      "count": 0
    },
    {
      "federateType": "PeopleFlow",
      "count": 0
    }
  ]
}