<?xml version="1.0" encoding="UTF-8" standalone="yes"?>
<objectModel
    xsi:schemaLocation="http://standards.ieee.org/IEEE1516-2010
      http://standards.ieee.org/downloads/1516/1516.2-2010/IEEE1516-DIF-2010.xsd"
    xmlns="http://standards.ieee.org/IEEE1516-2010" 
    xmlns:xsi="http://www.w3.org/2001/XMLSchema-instance">
    <modelIdentification>
        <name>ATC</name>
        <type>SOM</type>
        <version>0.1.0</version>
        <modificationDate>2023-01-04</modificationDate>
        <securityClassification>Unclassified</securityClassification>
        <description>
            This file was generated from WebGME based on the federate
            ATC in the FlatCase
            project.
        </description>
        <poc>
            <pocType>Primary author</pocType>
            <pocOrg>org.webgme.guest</pocOrg>
        </poc>
    </modelIdentification>
    <objects>
        <objectClass>
            <name>ObjectRoot</name>
            <sharing>Neither</sharing>
            <objectClass>
                <name>RealTimeArriSche</name>
                <sharing>Subscribe</sharing>
                <attribute>
                    <name>aircraft</name>
                    <dataType>String</dataType>
                    <updateType>NA</updateType>
                    <ownership>NoTransfer</ownership>
                    <sharing>Subscribe</sharing>
                    <transportation>HLAreliable</transportation>
                    <order>TimeStamp</order>
                </attribute>
                <attribute>
                    <name>airline</name>
                    <dataType>String</dataType>
                    <updateType>NA</updateType>
                    <ownership>NoTransfer</ownership>
                    <sharing>Subscribe</sharing>
                    <transportation>HLAreliable</transportation>
                    <order>TimeStamp</order>
                </attribute>
                <attribute>
                    <name>arrivalStatus</name>
                    <dataType>String</dataType>
                    <updateType>NA</updateType>
                    <ownership>NoTransfer</ownership>
                    <sharing>Subscribe</sharing>
                    <transportation>HLAreliable</transportation>
                    <order>TimeStamp</order>
                </attribute>
                <attribute>
                    <name>booked</name>
                    <dataType>String</dataType>
                    <updateType>NA</updateType>
                    <ownership>NoTransfer</ownership>
                    <sharing>Subscribe</sharing>
                    <transportation>HLAreliable</transportation>
                    <order>TimeStamp</order>
                </attribute>
                <attribute>
                    <name>capacity</name>
                    <dataType>String</dataType>
                    <updateType>NA</updateType>
                    <ownership>NoTransfer</ownership>
                    <sharing>Subscribe</sharing>
                    <transportation>HLAreliable</transportation>
                    <order>TimeStamp</order>
                </attribute>
                <attribute>
                    <name>checkedIn</name>
                    <dataType>String</dataType>
                    <updateType>NA</updateType>
                    <ownership>NoTransfer</ownership>
                    <sharing>Subscribe</sharing>
                    <transportation>HLAreliable</transportation>
                    <order>TimeStamp</order>
                </attribute>
                <attribute>
                    <name>estimatedArrivalTime</name>
                    <dataType>String</dataType>
                    <updateType>NA</updateType>
                    <ownership>NoTransfer</ownership>
                    <sharing>Subscribe</sharing>
                    <transportation>HLAreliable</transportation>
                    <order>TimeStamp</order>
                </attribute>
                <attribute>
                    <name>flightNumber</name>
                    <dataType>String</dataType>
                    <updateType>NA</updateType>
                    <ownership>NoTransfer</ownership>
                    <sharing>Subscribe</sharing>
                    <transportation>HLAreliable</transportation>
                    <order>TimeStamp</order>
                </attribute>
                <attribute>
                    <name>gate</name>
                    <dataType>String</dataType>
                    <updateType>NA</updateType>
                    <ownership>NoTransfer</ownership>
                    <sharing>Subscribe</sharing>
                    <transportation>HLAreliable</transportation>
                    <order>TimeStamp</order>
                </attribute>
                <attribute>
                    <name>passNum</name>
                    <dataType>String</dataType>
                    <updateType>NA</updateType>
                    <ownership>NoTransfer</ownership>
                    <sharing>Subscribe</sharing>
                    <transportation>HLAreliable</transportation>
                    <order>TimeStamp</order>
                </attribute>
                <attribute>
                    <name>scheduledArrivalTime</name>
                    <dataType>String</dataType>
                    <updateType>NA</updateType>
                    <ownership>NoTransfer</ownership>
                    <sharing>Subscribe</sharing>
                    <transportation>HLAreliable</transportation>
                    <order>TimeStamp</order>
                </attribute>
                <attribute>
                    <name>transferOut</name>
                    <dataType>String</dataType>
                    <updateType>NA</updateType>
                    <ownership>NoTransfer</ownership>
                    <sharing>Subscribe</sharing>
                    <transportation>HLAreliable</transportation>
                    <order>TimeStamp</order>
                </attribute>
            </objectClass>
        </objectClass>
    </objects>
    <interactions>
        <interactionClass>
            <name>InteractionRoot</name>
            <sharing>Neither</sharing>
            <transportation>HLAreliable</transportation>
            <order>TimeStamp</order>
            <interactionClass>
                <name>C2WInteractionRoot</name>
                <sharing>Neither</sharing>
                <transportation>HLAreliable</transportation>
                <order>TimeStamp</order>
                <parameter> 
                    <name>actualLogicalGenerationTime</name>
                    <dataType>double</dataType>
                </parameter>
                <parameter> 
                    <name>federateFilter</name>
                    <dataType>String</dataType>
                </parameter>
                <parameter> 
                    <name>originFed</name>
                    <dataType>String</dataType>
                </parameter>
                <parameter> 
                    <name>sourceFed</name>
                    <dataType>String</dataType>
                </parameter>
                <interactionClass>
                    <name>Aircraft</name>
                    <sharing>PublishSubscribe</sharing>
                    <transportation>HLAreliable</transportation>
                    <order>TimeStamp</order>
                    <parameter> 
                        <name>airline</name>
                        <dataType>String</dataType>
                    </parameter>
                    <parameter> 
                        <name>flightNumber</name>
                        <dataType>String</dataType>
                    </parameter>
                </interactionClass>
                <interactionClass>
                    <name>ArrivalConfirm</name>
                    <sharing>Subscribe</sharing>
                    <transportation>HLAreliable</transportation>
                    <order>TimeStamp</order>
                    <parameter> 
                        <name>airline</name>
                        <dataType>String</dataType>
                    </parameter>
                    <parameter> 
                        <name>arrivalTime</name>
                        <dataType>String</dataType>
                    </parameter>
                    <parameter> 
                        <name>flightNum</name>
                        <dataType>String</dataType>
                    </parameter>
                    <parameter> 
                        <name>gateNum</name>
                        <dataType>String</dataType>
                    </parameter>
                    <parameter> 
                        <name>runwayNum</name>
                        <dataType>String</dataType>
                    </parameter>
                </interactionClass>
                <interactionClass>
                    <name>FlightRemovalNotification</name>
                    <sharing>Subscribe</sharing>
                    <transportation>HLAreliable</transportation>
                    <order>TimeStamp</order>
                    <parameter> 
                        <name>airline</name>
                        <dataType>String</dataType>
                    </parameter>
                    <parameter> 
                        <name>flightNumber</name>
                        <dataType>String</dataType>
                    </parameter>
                </interactionClass>
                <interactionClass>
                    <name>RealtimeArrivalRequest</name>
                    <sharing>Publish</sharing>
                    <transportation>HLAreliable</transportation>
                    <order>TimeStamp</order>
                    <parameter> 
                        <name>airline</name>
                        <dataType>String</dataType>
                    </parameter>
                    <parameter> 
                        <name>flightNumber</name>
                        <dataType>String</dataType>
                    </parameter>
                    <parameter> 
                        <name>landingTime</name>
                        <dataType>String</dataType>
                    </parameter>
                </interactionClass>
                <interactionClass>
                    <name>FederateJoinInteraction</name>
                    <sharing>Publish</sharing>
                    <transportation>HLAreliable</transportation>
                    <order>TimeStamp</order>
                    <parameter> 
                        <name>FederateId</name>
                        <dataType>String</dataType>
                    </parameter>
                    <parameter> 
                        <name>FederateType</name>
                        <dataType>String</dataType>
                    </parameter>
                    <parameter> 
                        <name>IsLateJoiner</name>
                        <dataType>boolean</dataType>
                    </parameter>
                </interactionClass>
                <interactionClass>
                    <name>FederateResignInteraction</name>
                    <sharing>Publish</sharing>
                    <transportation>HLAreliable</transportation>
                    <order>TimeStamp</order>
                    <parameter> 
                        <name>FederateId</name>
                        <dataType>String</dataType>
                    </parameter>
                    <parameter> 
                        <name>FederateType</name>
                        <dataType>String</dataType>
                    </parameter>
                    <parameter> 
                        <name>IsLateJoiner</name>
                        <dataType>boolean</dataType>
                    </parameter>
                </interactionClass>
                <interactionClass>
                    <name>SimulationControl</name>
                    <sharing>Neither</sharing>
                    <transportation>HLAreliable</transportation>
                    <order>TimeStamp</order>
                    <interactionClass>
                        <name>SimEnd</name>
                        <sharing>Subscribe</sharing>
                        <transportation>HLAreliable</transportation>
                        <order>TimeStamp</order>
                    </interactionClass>
                </interactionClass>
            </interactionClass>
        </interactionClass>
    </interactions>
    <dimensions/>
    <transportations>
        <transportation>
            <name>HLAreliable</name>
            <reliable>Yes</reliable>
            <semantics>
                Provide reliable delivery of data in the sense that TCP/IP
                delivers its data reliably
            </semantics>
        </transportation>
        <transportation>
            <name>HLAbestEffort</name>
            <reliable>No</reliable>
            <semantics>
                Make an effort to deliver data in the sense that UDP provides
                best-effort delivery
            </semantics>
        </transportation>
    </transportations>
    <switches>
        <autoProvide/>
        <conveyRegionDesignatorSets/>
        <conveyProducingFederate/>
        <attributeScopeAdvisory/>
        <attributeRelevanceAdvisory/>
        <objectClassRelevanceAdvisory/>
        <interactionRelevanceAdvisory/>
        <serviceReporting/>
        <exceptionReporting/>
        <delaySubscriptionEvaluation/>
        <automaticResignAction/>
    </switches>
    <dataTypes>
        <basicDataRepresentations>
            <basicData>
                <name>Bit</name>
                <size>1</size>
                <interpretation>Integer in the range [0, 1]</interpretation>
                <endian>Big</endian>
                <encoding>1-bit</encoding>
            </basicData>
            <basicData>
                <name>UnsignedInteger16BE</name>
                <size>16</size>
                <interpretation>Integer in the range [0, 2^16-1]</interpretation>
                <endian>Big</endian>
                <encoding>16-bit unsigned integer</encoding>
            </basicData>
        </basicDataRepresentations>
        <simpleDataTypes>
            <simpleData>
                <name>byte</name>
                <representation>HLAoctet</representation>
            </simpleData>
            <simpleData>
                <name>char</name>
                <representation>UnsignedInteger16BE</representation>
            </simpleData>
            <simpleData>
                <name>short</name>
                <representation>HLAinteger16BE</representation>
            </simpleData>
            <simpleData>
                <name>int</name>
                <representation>HLAinteger32BE</representation>
            </simpleData>
            <simpleData>
                <name>long</name>
                <representation>HLAinteger64BE</representation>
            </simpleData>
            <simpleData>
                <name>float</name>
                <representation>HLAfloat32BE</representation>
            </simpleData>
            <simpleData>
                <name>double</name>
                <representation>HLAfloat64BE</representation>
            </simpleData>
            <simpleData>
                <name>boolean</name>
                <representation>Bit</representation>
            </simpleData>
        </simpleDataTypes>
        <enumeratedDataTypes/>
        <arrayDataTypes>
            <arrayData>
                <name>String</name>
                <dataType>char</dataType>
                <cardinality>Dynamic</cardinality>
                <encoding>Specifies a sequence of characters.</encoding>
            </arrayData>
        </arrayDataTypes>
        <fixedRecordDataTypes/>
        <variantRecordDataTypes/>
    </dataTypes>

</objectModel>
